<?xml version="1.0" encoding="UTF-8"?>

<!DOCTYPE suite SYSTEM "http://testng.org/testng-1.0.dtd">

<!-- <suite name="Parallel test suite" parallel="methods" thread-count="2">
	<test name="Test"> 
		<classes>
			<class name="com.instawork.testcases.searchvalueTest" />
		</classes>
	</test> 
</suite>  -->

<suite name="Parallel test suite" parallel="tests">

	<test name="firefox test">
	<parameter name="browser" value="firefox"/>
		<classes>
			<class name="com.instawork.testcases.searchvalueTest" />
		</classes>
	</test> 
	
	<test name="Chrome text">
	<parameter name="browser" value="chrome"/>
		<classes>
			<class name="com.instawork.testcases.searchvalueTest" />
		</classes>
	</test>

</suite> <!-- Suite -->